R_f,C_f,Transimpedance_dBOhm,Bandwidth_Hz,Phase_Margin_deg
2976.321751472242,1.9038331859958874e-11,69.47351070007997,2754128.7,45.56151597900407
195541.13397589355,3.472383871144319e-13,105.82467572753323,2290767.65,45.63122282197844
2848.643363144774,1.6374655400165504e-11,69.0926747580692,3311211.21,45.857269318178595
93054.07227870187,3.676370163834431e-12,99.37462061030317,456988.19,45.517765421245684
187201.1282046205,1.2121293146342092e-12,105.44608228768709,691730.971,45.39791807964261
1446.2056801905546,7.1288021806378285e-12,63.20451442060876,15135512.5,45.55087847400654
1040.3371494315827,1.6375591011625494e-11,60.34339531810068,9120008.39,45.68291286907467
