R_f,C_f,Transimpedance_dBOhm,Bandwidth_Hz,Phase_Margin_deg
21485.72687314439,4.905122391128898e-13,86.64291416089961,15108996.972380718,31.71246258895833
22237.774405282704,2.029649955884519e-12,86.94173954808285,3518183.459623806,80.2828016391969
477420.88734171056,1.259888527598353e-13,113.57794144692872,2643055.8196444702,37.82630483311875
784436.3313678646,4.690925044768304e-13,117.89106690622802,431338.9375606904,84.75398962919172
31033.012428586866,1.3469797713168029e-12,89.83639185501443,3799118.6844868963,74.74593088730501
6868.063461723924,3.2527432701630113e-12,76.73659913219063,7108531.780856637,77.91186610931405
